{"epoch": 2, "train_loss": 2.1381800174713135, "raw_loss": 2.196237325668335, "wd_0": 0.01, "sqr_mom_0": 0.99, "lr_0": 2.603051508727922e-10, "mom_0": 0.9499957938549211, "eps_0": 1e-05, "wd_1": 0.01, "sqr_mom_1": 0.99, "lr_1": 2.6030515087177575e-08, "mom_1": 0.9499957938549211, "eps_1": 1e-05, "_timestamp": 1655498445, "_runtime": 64, "_step": 692, "valid_loss": 4.50950288772583, "error_rate": 0.5906306505203247, "accuracy": 0.4093693792819977, "GPU_mem": 7.373046875, "model_family": "levit", "fit_time": 58.89919286099985, "_wandb": {"runtime": 63}}