{"epoch": 2, "train_loss": 1.6651158332824707, "raw_loss": 1.6233235597610474, "wd_0": 0.01, "sqr_mom_0": 0.99, "lr_0": 2.603051508727922e-10, "mom_0": 0.9499957938549211, "eps_0": 1e-05, "wd_1": 0.01, "sqr_mom_1": 0.99, "lr_1": 2.6030515087177575e-08, "mom_1": 0.9499957938549211, "eps_1": 1e-05, "_timestamp": 1655500696, "_runtime": 69, "_step": 692, "valid_loss": 1.3352868556976318, "error_rate": 0.4810810685157776, "accuracy": 0.5189189314842224, "GPU_mem": 7.423828125, "model_family": "regnetx", "fit_time": 63.45931742099947, "_wandb": {"runtime": 67}}