{"epoch": 2, "train_loss": 1.5287880897521973, "raw_loss": 1.4225167036056519, "wd_0": 0.01, "sqr_mom_0": 0.99, "lr_0": 2.603051508727922e-10, "mom_0": 0.9499957938549211, "eps_0": 1e-05, "wd_1": 0.01, "sqr_mom_1": 0.99, "lr_1": 2.6030515087177575e-08, "mom_1": 0.9499957938549211, "eps_1": 1e-05, "_timestamp": 1655495800, "_runtime": 101, "_step": 692, "valid_loss": 1.2127060890197754, "error_rate": 0.4331531524658203, "accuracy": 0.5668468475341797, "GPU_mem": 7.2734375, "model_family": "convnext", "fit_time": 94.59731714000009, "_wandb": {"runtime": 99}}