{"epoch": 1.47109826589594, "train_loss": 1.7684389352798462, "raw_loss": 1.5936310291290283, "wd_0": 0.01, "sqr_mom_0": 0.99, "lr_0": 8.64165860452128e-06, "mom_0": 0.8635835497902851, "eps_0": 1e-05, "wd_1": 0.01, "sqr_mom_1": 0.99, "lr_1": 0.0008641658604521278, "mom_1": 0.8635835497902851, "eps_1": 1e-05, "_timestamp": 1655415168, "_runtime": 49, "_step": 509, "valid_loss": 1.6404575109481812, "error_rate": 0.5863063335418701, "accuracy": 0.41369369626045227}