{"epoch": 2, "train_loss": 1.6941020488739014, "raw_loss": 1.8325378894805908, "wd_0": 0.01, "sqr_mom_0": 0.99, "lr_0": 5.206103017455844e-10, "mom_0": 0.9499957938549211, "eps_0": 1e-05, "wd_1": 0.01, "sqr_mom_1": 0.99, "lr_1": 5.206103017435515e-08, "mom_1": 0.9499957938549211, "eps_1": 1e-05, "_timestamp": 1655415187, "_runtime": 68, "_step": 692, "valid_loss": 1.4144445657730103, "error_rate": 0.5268468260765076, "accuracy": 0.47315314412117004, "GPU_mem": 7.423828125, "model_family": "regnetx", "fit_time": 63.49757379199582, "_wandb": {"runtime": 67}}