{"epoch": 2, "train_loss": 1.6606841087341309, "raw_loss": 1.4218376874923706, "wd_0": 0.01, "sqr_mom_0": 0.99, "lr_0": 5.206103017455844e-10, "mom_0": 0.9499957938549211, "eps_0": 1e-05, "wd_1": 0.01, "sqr_mom_1": 0.99, "lr_1": 5.206103017435515e-08, "mom_1": 0.9499957938549211, "eps_1": 1e-05, "_timestamp": 1655414900, "_runtime": 54, "_step": 692, "valid_loss": 1.3641504049301147, "error_rate": 0.5030630826950073, "accuracy": 0.49693694710731506, "GPU_mem": 7.423828125, "model_family": "regnetx", "fit_time": 48.726148444999126, "_wandb": {"runtime": 52}}