{"epoch": 2, "train_loss": 1.5368939638137817, "raw_loss": 1.7233039140701294, "wd_0": 0.01, "sqr_mom_0": 0.99, "lr_0": 2.603051508727922e-10, "mom_0": 0.9499957938549211, "eps_0": 1e-05, "wd_1": 0.01, "sqr_mom_1": 0.99, "lr_1": 2.6030515087177575e-08, "mom_1": 0.9499957938549211, "eps_1": 1e-05, "_timestamp": 1655496587, "_runtime": 66, "_step": 692, "valid_loss": 1.218461275100708, "error_rate": 0.4353153109550476, "accuracy": 0.5646846890449524, "GPU_mem": 7.2734375, "model_family": "convnext", "fit_time": 60.76641184899995, "_wandb": {"runtime": 64}}