{"epoch": 0.10982658959537568, "train_loss": 3.609818935394287, "raw_loss": 3.3873543739318848, "wd_0": 0.01, "sqr_mom_0": 0.99, "lr_0": 6.737286472895952e-06, "mom_0": 0.9471486599240667, "eps_0": 1e-05, "wd_1": 0.01, "sqr_mom_1": 0.99, "lr_1": 6.737286472895953e-05, "mom_1": 0.9471486599240667, "eps_1": 1e-05, "_timestamp": 1655495210, "_runtime": 11, "_step": 37, "_wandb": {"runtime": 9}}