{"epoch": 2, "train_loss": 1.5520838499069214, "raw_loss": 1.4988970756530762, "wd_0": 0.01, "sqr_mom_0": 0.99, "lr_0": 2.603051508727922e-10, "mom_0": 0.9499957938549211, "eps_0": 1e-05, "wd_1": 0.01, "sqr_mom_1": 0.99, "lr_1": 2.6030515087177575e-08, "mom_1": 0.9499957938549211, "eps_1": 1e-05, "_timestamp": 1655496734, "_runtime": 66, "_step": 692, "valid_loss": 1.2105450630187988, "error_rate": 0.4371171295642853, "accuracy": 0.5628829002380371, "GPU_mem": 7.2734375, "model_family": "convnext", "fit_time": 60.80497104400001, "_wandb": {"runtime": 65}}