{"epoch": 2, "train_loss": 1.5857813358306885, "raw_loss": 1.5047472715377808, "wd_0": 0.01, "sqr_mom_0": 0.99, "lr_0": 5.206103017455844e-10, "mom_0": 0.9499957938549211, "eps_0": 1e-05, "wd_1": 0.01, "sqr_mom_1": 0.99, "lr_1": 5.206103017435515e-08, "mom_1": 0.9499957938549211, "eps_1": 1e-05, "_timestamp": 1655413004, "_runtime": 58, "_step": 692, "valid_loss": 1.3308006525039673, "error_rate": 0.48756757378578186, "accuracy": 0.5124324560165405, "GPU_mem": 7.283203125, "model_family": "efficientnet", "fit_time": 51.121398328003124, "_wandb": {"runtime": 57}}