{"epoch": 2, "train_loss": 1.9419864416122437, "raw_loss": 1.7542152404785156, "wd_0": 0.01, "sqr_mom_0": 0.99, "lr_0": 5.206103017455844e-10, "mom_0": 0.9499957938549211, "eps_0": 1e-05, "wd_1": 0.01, "sqr_mom_1": 0.99, "lr_1": 5.206103017435515e-08, "mom_1": 0.9499957938549211, "eps_1": 1e-05, "_timestamp": 1655413282, "_runtime": 75, "_step": 692, "valid_loss": NaN, "error_rate": 0.5956756472587585, "accuracy": 0.40432432293891907, "GPU_mem": 7.310546875, "model_family": "levit", "fit_time": 64.8151199060012, "_wandb": {"runtime": 73}}