{"epoch": 2, "train_loss": 1.5751428604125977, "raw_loss": 1.6282768249511719, "wd_0": 0.01, "sqr_mom_0": 0.99, "lr_0": 5.206103017455844e-10, "mom_0": 0.9499957938549211, "eps_0": 1e-05, "wd_1": 0.01, "sqr_mom_1": 0.99, "lr_1": 5.206103017435515e-08, "mom_1": 0.9499957938549211, "eps_1": 1e-05, "_timestamp": 1655414699, "_runtime": 72, "_step": 692, "valid_loss": NaN, "error_rate": 0.46666666865348816, "accuracy": 0.5333333611488342, "GPU_mem": 7.423828125, "model_family": "levit", "fit_time": 67.01531024600263, "_wandb": {"runtime": 71}}