{"epoch": 2, "train_loss": 1.9341472387313843, "raw_loss": 1.7971824407577515, "wd_0": 0.01, "sqr_mom_0": 0.99, "lr_0": 2.603051508727922e-10, "mom_0": 0.9499957938549211, "eps_0": 1e-05, "wd_1": 0.01, "sqr_mom_1": 0.99, "lr_1": 2.6030515087177575e-08, "mom_1": 0.9499957938549211, "eps_1": 1e-05, "_timestamp": 1655499614, "_runtime": 52, "_step": 692, "valid_loss": 1.5206984281539917, "error_rate": 0.5419819951057434, "accuracy": 0.4580180048942566, "GPU_mem": 7.423828125, "model_family": "regnetx", "fit_time": 46.84454892800022, "_wandb": {"runtime": 50}}