{"epoch": 2, "train_loss": 1.9771867990493774, "raw_loss": 1.8103914260864258, "wd_0": 0.01, "sqr_mom_0": 0.99, "lr_0": 2.603051508727922e-10, "mom_0": 0.9499957938549211, "eps_0": 1e-05, "wd_1": 0.01, "sqr_mom_1": 0.99, "lr_1": 2.6030515087177575e-08, "mom_1": 0.9499957938549211, "eps_1": 1e-05, "_timestamp": 1655499489, "_runtime": 51, "_step": 692, "valid_loss": 1.544175624847412, "error_rate": 0.5556756854057312, "accuracy": 0.4443243145942688, "GPU_mem": 7.423828125, "model_family": "regnetx", "fit_time": 47.215411206999306, "_wandb": {"runtime": 50}}