{"epoch": 2, "train_loss": 1.5118904113769531, "raw_loss": 1.4775018692016602, "wd_0": 0.01, "sqr_mom_0": 0.99, "lr_0": 5.206103017455844e-10, "mom_0": 0.9499957938549211, "eps_0": 1e-05, "wd_1": 0.01, "sqr_mom_1": 0.99, "lr_1": 5.206103017435515e-08, "mom_1": 0.9499957938549211, "eps_1": 1e-05, "_timestamp": 1655412584, "_runtime": 58, "_step": 692, "valid_loss": 1.2207001447677612, "error_rate": 0.4421621561050415, "accuracy": 0.5578378438949585, "GPU_mem": 7.283203125, "model_family": "efficientnet", "fit_time": 53.4578059849955, "_wandb": {"runtime": 57}}