{"epoch": 0.10982658959537568, "train_loss": 3.792449951171875, "raw_loss": 3.7874350547790527, "wd_0": 0.01, "sqr_mom_0": 0.99, "lr_0": 1.3474572945791905e-05, "mom_0": 0.9471486599240667, "eps_0": 1e-05, "wd_1": 0.01, "sqr_mom_1": 0.99, "lr_1": 0.00013474572945791906, "mom_1": 0.9471486599240667, "eps_1": 1e-05, "_timestamp": 1655415201, "_runtime": 9, "_step": 37, "_wandb": {"runtime": 7}}