{"epoch": 2, "train_loss": 1.672046422958374, "raw_loss": 1.752262830734253, "wd_0": 0.01, "sqr_mom_0": 0.99, "lr_0": 2.603051508727922e-10, "mom_0": 0.9499957938549211, "eps_0": 1e-05, "wd_1": 0.01, "sqr_mom_1": 0.99, "lr_1": 2.6030515087177575e-08, "mom_1": 0.9499957938549211, "eps_1": 1e-05, "_timestamp": 1655496883, "_runtime": 67, "_step": 692, "valid_loss": 1.3441054821014404, "error_rate": 0.4702702760696411, "accuracy": 0.5297297239303589, "GPU_mem": 7.2734375, "model_family": "efficientnet", "fit_time": 62.26657956400004, "_wandb": {"runtime": 66}}