{"epoch": 2, "train_loss": 1.5509990453720093, "raw_loss": 1.6759328842163086, "wd_0": 0.01, "sqr_mom_0": 0.99, "lr_0": 2.603051508727922e-10, "mom_0": 0.9499957938549211, "eps_0": 1e-05, "wd_1": 0.01, "sqr_mom_1": 0.99, "lr_1": 2.6030515087177575e-08, "mom_1": 0.9499957938549211, "eps_1": 1e-05, "_timestamp": 1655495692, "_runtime": 103, "_step": 692, "valid_loss": 1.2363646030426025, "error_rate": 0.43639639019966125, "accuracy": 0.5636035799980164, "GPU_mem": 7.2734375, "model_family": "convnext", "fit_time": 96.39182121699992, "_wandb": {"runtime": 101}}