{"epoch": 2, "train_loss": 1.9919695854187012, "raw_loss": 1.625789999961853, "wd_0": 0.01, "sqr_mom_0": 0.99, "lr_0": 2.603051508727922e-10, "mom_0": 0.9499957938549211, "eps_0": 1e-05, "wd_1": 0.01, "sqr_mom_1": 0.99, "lr_1": 2.6030515087177575e-08, "mom_1": 0.9499957938549211, "eps_1": 1e-05, "_timestamp": 1655498948, "_runtime": 72, "_step": 692, "valid_loss": NaN, "error_rate": 0.5513513684272766, "accuracy": 0.4486486613750458, "GPU_mem": 7.423828125, "model_family": "levit", "fit_time": 67.10824677499932, "_wandb": {"runtime": 71}}