{"epoch": 2, "train_loss": 1.9638054370880127, "raw_loss": 1.8567012548446655, "wd_0": 0.01, "sqr_mom_0": 0.99, "lr_0": 5.206103017455844e-10, "mom_0": 0.9499957938549211, "eps_0": 1e-05, "wd_1": 0.01, "sqr_mom_1": 0.99, "lr_1": 5.206103017435515e-08, "mom_1": 0.9499957938549211, "eps_1": 1e-05, "_timestamp": 1655413440, "_runtime": 70, "_step": 692, "valid_loss": NaN, "error_rate": 0.5974774956703186, "accuracy": 0.4025225341320038, "GPU_mem": 7.373046875, "model_family": "levit", "fit_time": 64.98410749499453, "_wandb": {"runtime": 69}}