{"epoch": 2, "train_loss": 1.9113221168518066, "raw_loss": 2.081244468688965, "wd_0": 0.01, "sqr_mom_0": 0.99, "lr_0": 2.603051508727922e-10, "mom_0": 0.9499957938549211, "eps_0": 1e-05, "wd_1": 0.01, "sqr_mom_1": 0.99, "lr_1": 2.6030515087177575e-08, "mom_1": 0.9499957938549211, "eps_1": 1e-05, "_timestamp": 1655499673, "_runtime": 52, "_step": 692, "valid_loss": 1.4902549982070923, "error_rate": 0.5336936712265015, "accuracy": 0.46630629897117615, "GPU_mem": 7.423828125, "model_family": "regnetx", "fit_time": 47.83921389199986, "_wandb": {"runtime": 51}}