{"epoch": 2, "train_loss": 1.7734593152999878, "raw_loss": 1.6990692615509033, "wd_0": 0.01, "sqr_mom_0": 0.99, "lr_0": 5.206103017455844e-10, "mom_0": 0.9499957938549211, "eps_0": 1e-05, "wd_1": 0.01, "sqr_mom_1": 0.99, "lr_1": 5.206103017435515e-08, "mom_1": 0.9499957938549211, "eps_1": 1e-05, "_timestamp": 1655397468, "_runtime": 55, "_step": 692, "valid_loss": 1.4645501375198364, "error_rate": 0.5423423647880554, "accuracy": 0.45765766501426697, "GPU_mem": 2.4609375, "model_family": "resnet34", "fit_time": 47.86080901799869, "_wandb": {"runtime": 56}}