{"epoch": 2, "train_loss": 1.5872480869293213, "raw_loss": 1.4890880584716797, "wd_0": 0.01, "sqr_mom_0": 0.99, "lr_0": 2.603051508727922e-10, "mom_0": 0.9499957938549211, "eps_0": 1e-05, "wd_1": 0.01, "sqr_mom_1": 0.99, "lr_1": 2.6030515087177575e-08, "mom_1": 0.9499957938549211, "eps_1": 1e-05, "_timestamp": 1655496513, "_runtime": 65, "_step": 692, "valid_loss": 1.2387890815734863, "error_rate": 0.4418018162250519, "accuracy": 0.5581982135772705, "GPU_mem": 7.2734375, "model_family": "convnext", "fit_time": 60.147903555000084, "_wandb": {"runtime": 64}}