{"epoch": 2, "train_loss": 1.472424030303955, "raw_loss": 1.447890043258667, "wd_0": 0.01, "sqr_mom_0": 0.99, "lr_0": 5.206103017455844e-10, "mom_0": 0.9499957938549211, "eps_0": 1e-05, "wd_1": 0.01, "sqr_mom_1": 0.99, "lr_1": 5.206103017435515e-08, "mom_1": 0.9499957938549211, "eps_1": 1e-05, "_timestamp": 1655414779, "_runtime": 74, "_step": 692, "valid_loss": NaN, "error_rate": 0.453693687915802, "accuracy": 0.546306312084198, "GPU_mem": 7.423828125, "model_family": "levit", "fit_time": 68.05293563500163, "_wandb": {"runtime": 72}}