{"epoch": 2, "train_loss": 1.7907190322875977, "raw_loss": 1.4154572486877441, "wd_0": 0.01, "sqr_mom_0": 0.99, "lr_0": 5.206103017455844e-10, "mom_0": 0.9499957938549211, "eps_0": 1e-05, "wd_1": 0.01, "sqr_mom_1": 0.99, "lr_1": 5.206103017435515e-08, "mom_1": 0.9499957938549211, "eps_1": 1e-05, "_timestamp": 1655397162, "_runtime": 54, "_step": 692, "valid_loss": 1.4650604724884033, "error_rate": 0.5372973084449768, "accuracy": 0.4627026915550232, "GPU_mem": 2.4921875, "model_family": "resnet34", "fit_time": 46.55608873000165, "_wandb": {"runtime": 55}}