{"epoch": 2, "train_loss": 1.9764988422393799, "raw_loss": 1.8561069965362549, "wd_0": 0.01, "sqr_mom_0": 0.99, "lr_0": 5.206103017455844e-10, "mom_0": 0.9499957938549211, "eps_0": 1e-05, "wd_1": 0.01, "sqr_mom_1": 0.99, "lr_1": 5.206103017435515e-08, "mom_1": 0.9499957938549211, "eps_1": 1e-05, "_timestamp": 1655413596, "_runtime": 69, "_step": 692, "valid_loss": NaN, "error_rate": 0.5888288021087646, "accuracy": 0.41117116808891296, "GPU_mem": 7.373046875, "model_family": "levit", "fit_time": 56.449083555999096, "_wandb": {"runtime": 67}}