{"epoch": 2, "train_loss": 1.7571765184402466, "raw_loss": 1.6469022035598755, "wd_0": 0.01, "sqr_mom_0": 0.99, "lr_0": 5.206103017455844e-10, "mom_0": 0.9499957938549211, "eps_0": 1e-05, "wd_1": 0.01, "sqr_mom_1": 0.99, "lr_1": 5.206103017435515e-08, "mom_1": 0.9499957938549211, "eps_1": 1e-05, "_timestamp": 1655396655, "_runtime": 55, "_step": 692, "valid_loss": 1.4645980596542358, "error_rate": 0.5268468260765076, "accuracy": 0.47315314412117004, "_wandb": {"runtime": 55}}