{"epoch": 2, "train_loss": 1.3917263746261597, "raw_loss": 2.014315366744995, "wd_0": 0.01, "sqr_mom_0": 0.99, "lr_0": 5.206103017455844e-10, "mom_0": 0.9499957938549211, "eps_0": 1e-05, "wd_1": 0.01, "sqr_mom_1": 0.99, "lr_1": 5.206103017435515e-08, "mom_1": 0.9499957938549211, "eps_1": 1e-05, "_timestamp": 1655411575, "_runtime": 69, "_step": 692, "valid_loss": 1.1032578945159912, "error_rate": 0.40864863991737366, "accuracy": 0.591351330280304, "GPU_mem": 7.2734375, "model_family": "convnext", "fit_time": 53.46750671799964, "_wandb": {"runtime": 67}}