{"epoch": 2, "train_loss": 1.3581820726394653, "raw_loss": 1.4246708154678345, "wd_0": 0.01, "sqr_mom_0": 0.99, "lr_0": 5.206103017455844e-10, "mom_0": 0.9499957938549211, "eps_0": 1e-05, "wd_1": 0.01, "sqr_mom_1": 0.99, "lr_1": 5.206103017435515e-08, "mom_1": 0.9499957938549211, "eps_1": 1e-05, "_timestamp": 1655411929, "_runtime": 67, "_step": 692, "valid_loss": 1.1039260625839233, "error_rate": 0.40396395325660706, "accuracy": 0.5960360169410706, "GPU_mem": 7.2734375, "model_family": "convnext", "fit_time": 62.10557542800234, "_wandb": {"runtime": 65}}