{"epoch": 2, "train_loss": 1.6946684122085571, "raw_loss": 1.5381771326065063, "wd_0": 0.01, "sqr_mom_0": 0.99, "lr_0": 2.603051508727922e-10, "mom_0": 0.9499957938549211, "eps_0": 1e-05, "wd_1": 0.01, "sqr_mom_1": 0.99, "lr_1": 2.6030515087177575e-08, "mom_1": 0.9499957938549211, "eps_1": 1e-05, "_timestamp": 1655497095, "_runtime": 60, "_step": 692, "valid_loss": 1.349860429763794, "error_rate": 0.4796396493911743, "accuracy": 0.5203603506088257, "GPU_mem": 7.2734375, "model_family": "efficientnet", "fit_time": 54.58325391000017, "_wandb": {"runtime": 58}}