{"epoch": 2, "train_loss": 1.7587388753890991, "raw_loss": 1.6167072057724, "wd_0": 0.01, "sqr_mom_0": 0.99, "lr_0": 5.206103017455844e-10, "mom_0": 0.9499957938549211, "eps_0": 1e-05, "wd_1": 0.01, "sqr_mom_1": 0.99, "lr_1": 5.206103017435515e-08, "mom_1": 0.9499957938549211, "eps_1": 1e-05, "_timestamp": 1655396793, "_runtime": 54, "_step": 692, "valid_loss": 1.4666000604629517, "error_rate": 0.5351351499557495, "accuracy": 0.4648648500442505, "GPU_mem": 2.4921875, "_wandb": {"runtime": 55}}