{"epoch": 2, "train_loss": 1.593483567237854, "raw_loss": 2.022852897644043, "wd_0": 0.01, "sqr_mom_0": 0.99, "lr_0": 2.603051508727922e-10, "mom_0": 0.9499957938549211, "eps_0": 1e-05, "wd_1": 0.01, "sqr_mom_1": 0.99, "lr_1": 2.6030515087177575e-08, "mom_1": 0.9499957938549211, "eps_1": 1e-05, "_timestamp": 1655495891, "_runtime": 82, "_step": 692, "valid_loss": 1.2296186685562134, "error_rate": 0.43171170353889465, "accuracy": 0.568288266658783, "GPU_mem": 7.2734375, "model_family": "convnext", "fit_time": 77.04052677900017, "_wandb": {"runtime": 81}}