{"epoch": 2, "train_loss": 1.762778639793396, "raw_loss": 1.8369468450546265, "wd_0": 0.01, "sqr_mom_0": 0.99, "lr_0": 2.603051508727922e-10, "mom_0": 0.9499957938549211, "eps_0": 1e-05, "wd_1": 0.01, "sqr_mom_1": 0.99, "lr_1": 2.6030515087177575e-08, "mom_1": 0.9499957938549211, "eps_1": 1e-05, "_timestamp": 1655497774, "_runtime": 57, "_step": 692, "valid_loss": 1.4480175971984863, "error_rate": 0.5135135054588318, "accuracy": 0.4864864945411682, "GPU_mem": 7.283203125, "model_family": "efficientnet", "fit_time": 52.417041056000016, "_wandb": {"runtime": 56}}