{"epoch": 2, "train_loss": 1.5198543071746826, "raw_loss": 1.2837907075881958, "wd_0": 0.01, "sqr_mom_0": 0.99, "lr_0": 5.206103017455844e-10, "mom_0": 0.9499957938549211, "eps_0": 1e-05, "wd_1": 0.01, "sqr_mom_1": 0.99, "lr_1": 5.206103017435515e-08, "mom_1": 0.9499957938549211, "eps_1": 1e-05, "_timestamp": 1655413066, "_runtime": 57, "_step": 692, "valid_loss": 1.3270072937011719, "error_rate": 0.476396381855011, "accuracy": 0.523603618144989, "GPU_mem": 7.283203125, "model_family": "efficientnet", "fit_time": 51.67903656799899, "_wandb": {"runtime": 55}}