{"epoch": 2, "train_loss": 1.4683178663253784, "raw_loss": 1.286226511001587, "wd_0": 0.01, "sqr_mom_0": 0.99, "lr_0": 5.206103017455844e-10, "mom_0": 0.9499957938549211, "eps_0": 1e-05, "wd_1": 0.01, "sqr_mom_1": 0.99, "lr_1": 5.206103017435515e-08, "mom_1": 0.9499957938549211, "eps_1": 1e-05, "_timestamp": 1655412381, "_runtime": 69, "_step": 692, "valid_loss": 1.2450140714645386, "error_rate": 0.44612613320350647, "accuracy": 0.5538738965988159, "GPU_mem": 7.2734375, "model_family": "efficientnet", "fit_time": 63.80788636600482, "_wandb": {"runtime": 67}}