{"epoch": 2, "train_loss": 1.50994873046875, "raw_loss": 1.3350887298583984, "wd_0": 0.01, "sqr_mom_0": 0.99, "lr_0": 5.206103017455844e-10, "mom_0": 0.9499957938549211, "eps_0": 1e-05, "wd_1": 0.01, "sqr_mom_1": 0.99, "lr_1": 5.206103017435515e-08, "mom_1": 0.9499957938549211, "eps_1": 1e-05, "_timestamp": 1655412307, "_runtime": 69, "_step": 692, "valid_loss": 1.2812509536743164, "error_rate": 0.4630630612373352, "accuracy": 0.5369369387626648, "GPU_mem": 7.2734375, "model_family": "efficientnet", "fit_time": 64.1469049590014, "_wandb": {"runtime": 67}}