{"epoch": 2, "train_loss": 1.3969743251800537, "raw_loss": 1.5829706192016602, "wd_0": 0.01, "sqr_mom_0": 0.99, "lr_0": 5.206103017455844e-10, "mom_0": 0.9499957938549211, "eps_0": 1e-05, "wd_1": 0.01, "sqr_mom_1": 0.99, "lr_1": 5.206103017435515e-08, "mom_1": 0.9499957938549211, "eps_1": 1e-05, "_timestamp": 1655411700, "_runtime": 58, "_step": 692, "valid_loss": 1.1035821437835693, "error_rate": 0.40828830003738403, "accuracy": 0.591711699962616, "GPU_mem": 7.2734375, "model_family": "convnext", "fit_time": 53.08594048899977, "_wandb": {"runtime": 57}}