{"epoch": 2, "train_loss": 1.5456717014312744, "raw_loss": 1.0143284797668457, "wd_0": 0.01, "sqr_mom_0": 0.99, "lr_0": 2.603051508727922e-10, "mom_0": 0.9499957938549211, "eps_0": 1e-05, "wd_1": 0.01, "sqr_mom_1": 0.99, "lr_1": 2.6030515087177575e-08, "mom_1": 0.9499957938549211, "eps_1": 1e-05, "_timestamp": 1655496302, "_runtime": 60, "_step": 692, "valid_loss": 1.1978510618209839, "error_rate": 0.4327927827835083, "accuracy": 0.5672072172164917, "GPU_mem": 7.2734375, "model_family": "convnext", "fit_time": 54.21870183100009, "_wandb": {"runtime": 58}}