{"epoch": 2, "train_loss": 1.3809210062026978, "raw_loss": 1.5019540786743164, "wd_0": 0.01, "sqr_mom_0": 0.99, "lr_0": 5.206103017455844e-10, "mom_0": 0.9499957938549211, "eps_0": 1e-05, "wd_1": 0.01, "sqr_mom_1": 0.99, "lr_1": 5.206103017435515e-08, "mom_1": 0.9499957938549211, "eps_1": 1e-05, "_timestamp": 1655412002, "_runtime": 67, "_step": 692, "valid_loss": 1.1475499868392944, "error_rate": 0.411531537771225, "accuracy": 0.5884684920310974, "GPU_mem": 7.2734375, "model_family": "convnext", "fit_time": 61.43725890800124, "_wandb": {"runtime": 65}}