{"epoch": 2, "train_loss": 1.3019922971725464, "raw_loss": 1.6459293365478516, "wd_0": 0.01, "sqr_mom_0": 0.99, "lr_0": 5.206103017455844e-10, "mom_0": 0.9499957938549211, "eps_0": 1e-05, "wd_1": 0.01, "sqr_mom_1": 0.99, "lr_1": 5.206103017435515e-08, "mom_1": 0.9499957938549211, "eps_1": 1e-05, "_timestamp": 1655412076, "_runtime": 68, "_step": 692, "valid_loss": 1.0884132385253906, "error_rate": 0.4057657718658447, "accuracy": 0.5942342281341553, "GPU_mem": 7.2734375, "model_family": "convnext", "fit_time": 62.73699484599638, "_wandb": {"runtime": 66}}