{"epoch": 2, "train_loss": 1.6574627161026, "raw_loss": 1.6375418901443481, "wd_0": 0.01, "sqr_mom_0": 0.99, "lr_0": 2.603051508727922e-10, "mom_0": 0.9499957938549211, "eps_0": 1e-05, "wd_1": 0.01, "sqr_mom_1": 0.99, "lr_1": 2.6030515087177575e-08, "mom_1": 0.9499957938549211, "eps_1": 1e-05, "_timestamp": 1655497446, "_runtime": 60, "_step": 692, "valid_loss": 1.3341511487960815, "error_rate": 0.4839639663696289, "accuracy": 0.5160360336303711, "GPU_mem": 7.283203125, "model_family": "efficientnet", "fit_time": 54.88954202900004, "_wandb": {"runtime": 59}}