{"epoch": 2, "train_loss": 1.550577163696289, "raw_loss": 1.5588641166687012, "wd_0": 0.01, "sqr_mom_0": 0.99, "lr_0": 2.603051508727922e-10, "mom_0": 0.9499957938549211, "eps_0": 1e-05, "wd_1": 0.01, "sqr_mom_1": 0.99, "lr_1": 2.6030515087177575e-08, "mom_1": 0.9499957938549211, "eps_1": 1e-05, "_timestamp": 1655495982, "_runtime": 85, "_step": 692, "valid_loss": 1.1955959796905518, "error_rate": 0.42234233021736145, "accuracy": 0.5776576399803162, "GPU_mem": 7.2734375, "model_family": "convnext", "fit_time": 78.81476474599981, "_wandb": {"runtime": 83}}