{"epoch": 2, "train_loss": 1.3296478986740112, "raw_loss": 1.3836904764175415, "wd_0": 0.01, "sqr_mom_0": 0.99, "lr_0": 5.206103017455844e-10, "mom_0": 0.9499957938549211, "eps_0": 1e-05, "wd_1": 0.01, "sqr_mom_1": 0.99, "lr_1": 5.206103017435515e-08, "mom_1": 0.9499957938549211, "eps_1": 1e-05, "_timestamp": 1655411773, "_runtime": 58, "_step": 692, "valid_loss": 1.121383786201477, "error_rate": 0.4025225341320038, "accuracy": 0.5974774956703186, "GPU_mem": 7.2734375, "model_family": "convnext", "fit_time": 53.50493645299866, "_wandb": {"runtime": 57}}