{"epoch": 2, "train_loss": 1.8677668571472168, "raw_loss": 1.6280053853988647, "wd_0": 0.01, "sqr_mom_0": 0.99, "lr_0": 2.603051508727922e-10, "mom_0": 0.9499957938549211, "eps_0": 1e-05, "wd_1": 0.01, "sqr_mom_1": 0.99, "lr_1": 2.6030515087177575e-08, "mom_1": 0.9499957938549211, "eps_1": 1e-05, "_timestamp": 1655500042, "_runtime": 63, "_step": 692, "valid_loss": 1.510609745979309, "error_rate": 0.5416216254234314, "accuracy": 0.4583783745765686, "GPU_mem": 7.423828125, "model_family": "regnetx", "fit_time": 55.63662322900018, "_wandb": {"runtime": 61}}