{"epoch": 2, "train_loss": 1.4407933950424194, "raw_loss": 1.4101389646530151, "wd_0": 0.01, "sqr_mom_0": 0.99, "lr_0": 5.206103017455844e-10, "mom_0": 0.9499957938549211, "eps_0": 1e-05, "wd_1": 0.01, "sqr_mom_1": 0.99, "lr_1": 5.206103017435515e-08, "mom_1": 0.9499957938549211, "eps_1": 1e-05, "_timestamp": 1655412512, "_runtime": 58, "_step": 692, "valid_loss": 1.2249740362167358, "error_rate": 0.4349549412727356, "accuracy": 0.5650450587272644, "GPU_mem": 7.2734375, "model_family": "efficientnet", "fit_time": 53.76035007300379, "_wandb": {"runtime": 57}}