{"epoch": 2, "train_loss": 1.743460774421692, "raw_loss": 1.6145586967468262, "wd_0": 0.01, "sqr_mom_0": 0.99, "lr_0": 5.206103017455844e-10, "mom_0": 0.9499957938549211, "eps_0": 1e-05, "wd_1": 0.01, "sqr_mom_1": 0.99, "lr_1": 5.206103017435515e-08, "mom_1": 0.9499957938549211, "eps_1": 1e-05, "_timestamp": 1655414967, "_runtime": 53, "_step": 692, "valid_loss": 1.4127798080444336, "error_rate": 0.5181981921195984, "accuracy": 0.4818018078804016, "GPU_mem": 7.423828125, "model_family": "regnetx", "fit_time": 48.35314307099907, "_wandb": {"runtime": 52}}