{"epoch": 2, "train_loss": 1.782872200012207, "raw_loss": 1.5452312231063843, "wd_0": 0.01, "sqr_mom_0": 0.99, "lr_0": 2.603051508727922e-10, "mom_0": 0.9499957938549211, "eps_0": 1e-05, "wd_1": 0.01, "sqr_mom_1": 0.99, "lr_1": 2.6030515087177575e-08, "mom_1": 0.9499957938549211, "eps_1": 1e-05, "_timestamp": 1655499352, "_runtime": 71, "_step": 692, "valid_loss": NaN, "error_rate": 0.48468467593193054, "accuracy": 0.5153152942657471, "GPU_mem": 7.423828125, "model_family": "levit", "fit_time": 65.3160790690008, "_wandb": {"runtime": 69}}