{"epoch": 2, "train_loss": 1.7958757877349854, "raw_loss": 1.5006600618362427, "wd_0": 0.01, "sqr_mom_0": 0.99, "lr_0": 5.206103017455844e-10, "mom_0": 0.9499957938549211, "eps_0": 1e-05, "wd_1": 0.01, "sqr_mom_1": 0.99, "lr_1": 5.206103017435515e-08, "mom_1": 0.9499957938549211, "eps_1": 1e-05, "_timestamp": 1655398082, "_runtime": 55, "_step": 692, "valid_loss": 1.4823622703552246, "error_rate": 0.5437837839126587, "accuracy": 0.4562162160873413, "GPU_mem": 2.4609375, "model_family": "resnet34", "fit_time": 47.18213712000215, "_wandb": {"runtime": 55}}