{"epoch": 2, "train_loss": 1.7146620750427246, "raw_loss": 1.5445266962051392, "wd_0": 0.01, "sqr_mom_0": 0.99, "lr_0": 2.603051508727922e-10, "mom_0": 0.9499957938549211, "eps_0": 1e-05, "wd_1": 0.01, "sqr_mom_1": 0.99, "lr_1": 2.6030515087177575e-08, "mom_1": 0.9499957938549211, "eps_1": 1e-05, "_timestamp": 1655497233, "_runtime": 57, "_step": 692, "valid_loss": 1.3398208618164062, "error_rate": 0.48504504561424255, "accuracy": 0.5149549841880798, "GPU_mem": 7.283203125, "model_family": "efficientnet", "fit_time": 52.48711733500022, "_wandb": {"runtime": 56}}