{"epoch": 2, "train_loss": 1.6288409233093262, "raw_loss": 1.2289888858795166, "wd_0": 0.01, "sqr_mom_0": 0.99, "lr_0": 5.206103017455844e-10, "mom_0": 0.9499957938549211, "eps_0": 1e-05, "wd_1": 0.01, "sqr_mom_1": 0.99, "lr_1": 5.206103017435515e-08, "mom_1": 0.9499957938549211, "eps_1": 1e-05, "_timestamp": 1655415036, "_runtime": 55, "_step": 692, "valid_loss": 1.3676120042800903, "error_rate": 0.5055856108665466, "accuracy": 0.49441441893577576, "GPU_mem": 7.423828125, "model_family": "regnetx", "fit_time": 49.31749275899347, "_wandb": {"runtime": 53}}