{"epoch": 2, "train_loss": 2.1961631774902344, "raw_loss": 2.3012402057647705, "wd_0": 0.01, "sqr_mom_0": 0.99, "lr_0": 2.603051508727922e-10, "mom_0": 0.9499957938549211, "eps_0": 1e-05, "wd_1": 0.01, "sqr_mom_1": 0.99, "lr_1": 2.6030515087177575e-08, "mom_1": 0.9499957938549211, "eps_1": 1e-05, "_timestamp": 1655498228, "_runtime": 61, "_step": 692, "valid_loss": NaN, "error_rate": 0.6050450205802917, "accuracy": 0.39495494961738586, "GPU_mem": 7.373046875, "model_family": "levit", "fit_time": 56.50145929300015, "_wandb": {"runtime": 60}}