{"epoch": 2, "train_loss": 1.5364909172058105, "raw_loss": 1.5705875158309937, "wd_0": 0.01, "sqr_mom_0": 0.99, "lr_0": 2.603051508727922e-10, "mom_0": 0.9499957938549211, "eps_0": 1e-05, "wd_1": 0.01, "sqr_mom_1": 0.99, "lr_1": 2.6030515087177575e-08, "mom_1": 0.9499957938549211, "eps_1": 1e-05, "_timestamp": 1655495464, "_runtime": 105, "_step": 692, "valid_loss": 1.2098422050476074, "error_rate": 0.43207207322120667, "accuracy": 0.5679279565811157, "GPU_mem": 5.87109375, "model_family": "convnext", "fit_time": 96.43810674200006, "_wandb": {"runtime": 103}}