{"epoch": 2, "train_loss": 1.7748781442642212, "raw_loss": 2.0512003898620605, "wd_0": 0.01, "sqr_mom_0": 0.99, "lr_0": 2.603051508727922e-10, "mom_0": 0.9499957938549211, "eps_0": 1e-05, "wd_1": 0.01, "sqr_mom_1": 0.99, "lr_1": 2.6030515087177575e-08, "mom_1": 0.9499957938549211, "eps_1": 1e-05, "_timestamp": 1655497368, "_runtime": 61, "_step": 692, "valid_loss": 1.339386224746704, "error_rate": 0.476396381855011, "accuracy": 0.523603618144989, "GPU_mem": 7.283203125, "model_family": "efficientnet", "fit_time": 55.39753603899999, "_wandb": {"runtime": 59}}