{"epoch": 6, "train_loss": 0.5568954348564148, "raw_loss": 0.47915300726890564, "wd_0": 0.01, "sqr_mom_0": 0.99, "lr_0": 1.1682463852673178e-10, "mom_0": 0.9499998317519323, "eps_0": 1e-05, "wd_1": 0.01, "sqr_mom_1": 0.99, "lr_1": 1.1682463852639297e-09, "mom_1": 0.9499998317519323, "eps_1": 1e-05, "wd_2": 0.01, "sqr_mom_2": 0.99, "lr_2": 1.1682463852639297e-08, "mom_2": 0.9499998317519323, "eps_2": 1e-05, "_timestamp": 1655396399, "_runtime": 149, "_step": 2076, "valid_loss": 0.848864734172821, "error_rate": 0.3268468379974365, "accuracy": 0.6731531620025635, "_wandb": {"runtime": 150}}