{"epoch": 2, "train_loss": 1.5241268873214722, "raw_loss": 1.9768657684326172, "wd_0": 0.01, "sqr_mom_0": 0.99, "lr_0": 2.603051508727922e-10, "mom_0": 0.9499957938549211, "eps_0": 1e-05, "wd_1": 0.01, "sqr_mom_1": 0.99, "lr_1": 2.6030515087177575e-08, "mom_1": 0.9499957938549211, "eps_1": 1e-05, "_timestamp": 1655495581, "_runtime": 103, "_step": 692, "valid_loss": 1.1921448707580566, "error_rate": 0.41837838292121887, "accuracy": 0.5816216468811035, "GPU_mem": 7.2734375, "model_family": "convnext", "fit_time": 96.72795956599998, "_wandb": {"runtime": 101}}