{"epoch": 2, "train_loss": 1.877158522605896, "raw_loss": 1.9608583450317383, "wd_0": 0.01, "sqr_mom_0": 0.99, "lr_0": 2.603051508727922e-10, "mom_0": 0.9499957938549211, "eps_0": 1e-05, "wd_1": 0.01, "sqr_mom_1": 0.99, "lr_1": 2.6030515087177575e-08, "mom_1": 0.9499957938549211, "eps_1": 1e-05, "_timestamp": 1655500328, "_runtime": 66, "_step": 692, "valid_loss": 1.445070505142212, "error_rate": 0.5181981921195984, "accuracy": 0.4818018078804016, "GPU_mem": 7.423828125, "model_family": "regnetx", "fit_time": 58.82929754900033, "_wandb": {"runtime": 65}}