{"epoch": 2, "train_loss": 1.8409603834152222, "raw_loss": 2.0549395084381104, "wd_0": 0.01, "sqr_mom_0": 0.99, "lr_0": 5.206103017455844e-10, "mom_0": 0.9499957938549211, "eps_0": 1e-05, "wd_1": 0.01, "sqr_mom_1": 0.99, "lr_1": 5.206103017435515e-08, "mom_1": 0.9499957938549211, "eps_1": 1e-05, "_timestamp": 1655414125, "_runtime": 69, "_step": 692, "valid_loss": NaN, "error_rate": 0.5762162208557129, "accuracy": 0.4237837791442871, "GPU_mem": 7.423828125, "model_family": "levit", "fit_time": 63.95582577599998, "_wandb": {"runtime": 67}}