{"epoch": 2, "train_loss": 1.6133997440338135, "raw_loss": 1.8369874954223633, "wd_0": 0.01, "sqr_mom_0": 0.99, "lr_0": 2.603051508727922e-10, "mom_0": 0.9499957938549211, "eps_0": 1e-05, "wd_1": 0.01, "sqr_mom_1": 0.99, "lr_1": 2.6030515087177575e-08, "mom_1": 0.9499957938549211, "eps_1": 1e-05, "_timestamp": 1655496370, "_runtime": 59, "_step": 692, "valid_loss": 1.211371898651123, "error_rate": 0.4302702844142914, "accuracy": 0.569729745388031, "GPU_mem": 7.2734375, "model_family": "convnext", "fit_time": 53.93509257799997, "_wandb": {"runtime": 58}}