{"epoch": 2, "train_loss": 1.5166857242584229, "raw_loss": 1.5847961902618408, "wd_0": 0.01, "sqr_mom_0": 0.99, "lr_0": 5.206103017455844e-10, "mom_0": 0.9499957938549211, "eps_0": 1e-05, "wd_1": 0.01, "sqr_mom_1": 0.99, "lr_1": 5.206103017435515e-08, "mom_1": 0.9499957938549211, "eps_1": 1e-05, "_timestamp": 1655412155, "_runtime": 74, "_step": 692, "valid_loss": 1.2774583101272583, "error_rate": 0.46666666865348816, "accuracy": 0.5333333611488342, "GPU_mem": 7.2734375, "model_family": "efficientnet", "fit_time": 66.42114929399395, "_wandb": {"runtime": 72}}