{"epoch": 2, "train_loss": 1.9034456014633179, "raw_loss": 2.26877760887146, "wd_0": 0.01, "sqr_mom_0": 0.99, "lr_0": 5.206103017455844e-10, "mom_0": 0.9499957938549211, "eps_0": 1e-05, "wd_1": 0.01, "sqr_mom_1": 0.99, "lr_1": 5.206103017435515e-08, "mom_1": 0.9499957938549211, "eps_1": 1e-05, "_timestamp": 1655413363, "_runtime": 72, "_step": 692, "valid_loss": NaN, "error_rate": 0.5848648548126221, "accuracy": 0.41513514518737793, "GPU_mem": 7.310546875, "model_family": "levit", "fit_time": 67.02303701200435, "_wandb": {"runtime": 70}}