{"epoch": 2, "train_loss": 2.0739331245422363, "raw_loss": 2.292478084564209, "wd_0": 0.01, "sqr_mom_0": 0.99, "lr_0": 2.603051508727922e-10, "mom_0": 0.9499957938549211, "eps_0": 1e-05, "wd_1": 0.01, "sqr_mom_1": 0.99, "lr_1": 2.6030515087177575e-08, "mom_1": 0.9499957938549211, "eps_1": 1e-05, "_timestamp": 1655498606, "_runtime": 73, "_step": 692, "valid_loss": NaN, "error_rate": 0.5967567563056946, "accuracy": 0.4032432436943054, "GPU_mem": 7.423828125, "model_family": "levit", "fit_time": 68.74551878800003, "_wandb": {"runtime": 72}}