{"epoch": 2, "train_loss": 1.43039870262146, "raw_loss": 1.2161320447921753, "wd_0": 0.01, "sqr_mom_0": 0.99, "lr_0": 5.206103017455844e-10, "mom_0": 0.9499957938549211, "eps_0": 1e-05, "wd_1": 0.01, "sqr_mom_1": 0.99, "lr_1": 5.206103017435515e-08, "mom_1": 0.9499957938549211, "eps_1": 1e-05, "_timestamp": 1655412931, "_runtime": 59, "_step": 692, "valid_loss": 1.2353204488754272, "error_rate": 0.44828829169273376, "accuracy": 0.5517117381095886, "GPU_mem": 7.283203125, "model_family": "efficientnet", "fit_time": 54.41424199999892, "_wandb": {"runtime": 57}}