{"epoch": 2, "train_loss": 1.6585471630096436, "raw_loss": 1.3268966674804688, "wd_0": 0.01, "sqr_mom_0": 0.99, "lr_0": 2.603051508727922e-10, "mom_0": 0.9499957938549211, "eps_0": 1e-05, "wd_1": 0.01, "sqr_mom_1": 0.99, "lr_1": 2.6030515087177575e-08, "mom_1": 0.9499957938549211, "eps_1": 1e-05, "_timestamp": 1655497029, "_runtime": 67, "_step": 692, "valid_loss": 1.3404039144515991, "error_rate": 0.46882882714271545, "accuracy": 0.5311711430549622, "GPU_mem": 7.2734375, "model_family": "efficientnet", "fit_time": 62.38276499700032, "_wandb": {"runtime": 66}}