{"epoch": 2, "train_loss": 1.580119013786316, "raw_loss": 1.4050536155700684, "wd_0": 0.01, "sqr_mom_0": 0.99, "lr_0": 2.603051508727922e-10, "mom_0": 0.9499957938549211, "eps_0": 1e-05, "wd_1": 0.01, "sqr_mom_1": 0.99, "lr_1": 2.6030515087177575e-08, "mom_1": 0.9499957938549211, "eps_1": 1e-05, "_timestamp": 1655497161, "_runtime": 58, "_step": 692, "valid_loss": 1.2943024635314941, "error_rate": 0.4648648500442505, "accuracy": 0.5351351499557495, "GPU_mem": 7.283203125, "model_family": "efficientnet", "fit_time": 53.009704878999855, "_wandb": {"runtime": 56}}