{"epoch": 2, "train_loss": 1.4017128944396973, "raw_loss": 1.7966890335083008, "wd_0": 0.01, "sqr_mom_0": 0.99, "lr_0": 5.206103017455844e-10, "mom_0": 0.9499957938549211, "eps_0": 1e-05, "wd_1": 0.01, "sqr_mom_1": 0.99, "lr_1": 5.206103017435515e-08, "mom_1": 0.9499957938549211, "eps_1": 1e-05, "_timestamp": 1655412790, "_runtime": 58, "_step": 692, "valid_loss": 1.2073023319244385, "error_rate": 0.4335135221481323, "accuracy": 0.5664864778518677, "GPU_mem": 7.283203125, "model_family": "efficientnet", "fit_time": 54.07404760799545, "_wandb": {"runtime": 57}}