{"epoch": 2, "train_loss": 2.021498680114746, "raw_loss": 2.110427141189575, "wd_0": 0.01, "sqr_mom_0": 0.99, "lr_0": 2.603051508727922e-10, "mom_0": 0.9499957938549211, "eps_0": 1e-05, "wd_1": 0.01, "sqr_mom_1": 0.99, "lr_1": 2.6030515087177575e-08, "mom_1": 0.9499957938549211, "eps_1": 1e-05, "_timestamp": 1655499755, "_runtime": 67, "_step": 692, "valid_loss": 1.5570900440216064, "error_rate": 0.5654054284095764, "accuracy": 0.43459460139274597, "GPU_mem": 7.423828125, "model_family": "regnetx", "fit_time": 61.687632467000185, "_wandb": {"runtime": 65}}