{"epoch": 2, "train_loss": 1.276024580001831, "raw_loss": 1.6719235181808472, "wd_0": 0.01, "sqr_mom_0": 0.99, "lr_0": 5.206103017455844e-10, "mom_0": 0.9499957938549211, "eps_0": 1e-05, "wd_1": 0.01, "sqr_mom_1": 0.99, "lr_1": 5.206103017435515e-08, "mom_1": 0.9499957938549211, "eps_1": 1e-05, "_timestamp": 1655411107, "_runtime": 102, "_step": 692, "valid_loss": 1.0959556102752686, "error_rate": 0.4028828740119934, "accuracy": 0.5971171259880066, "GPU_mem": 7.2734375, "model_family": "convnext", "fit_time": 95.30154267399485, "_wandb": {"runtime": 100}}