{"epoch": 2, "train_loss": 1.753768801689148, "raw_loss": 1.5878918170928955, "wd_0": 0.01, "sqr_mom_0": 0.99, "lr_0": 5.206103017455844e-10, "mom_0": 0.9499957938549211, "eps_0": 1e-05, "wd_1": 0.01, "sqr_mom_1": 0.99, "lr_1": 5.206103017435515e-08, "mom_1": 0.9499957938549211, "eps_1": 1e-05, "_timestamp": 1655397237, "_runtime": 55, "_step": 692, "valid_loss": 1.4682637453079224, "error_rate": 0.5412612557411194, "accuracy": 0.4587387442588806, "GPU_mem": 2.4609375, "model_family": "resnet34", "fit_time": 48.078110798000125, "_wandb": {"runtime": 56}}