{"epoch": 2, "train_loss": 1.773491382598877, "raw_loss": 1.9800852537155151, "wd_0": 0.01, "sqr_mom_0": 0.99, "lr_0": 2.603051508727922e-10, "mom_0": 0.9499957938549211, "eps_0": 1e-05, "wd_1": 0.01, "sqr_mom_1": 0.99, "lr_1": 2.6030515087177575e-08, "mom_1": 0.9499957938549211, "eps_1": 1e-05, "_timestamp": 1655497839, "_runtime": 59, "_step": 692, "valid_loss": 1.4517829418182373, "error_rate": 0.5037837624549866, "accuracy": 0.49621620774269104, "GPU_mem": 7.283203125, "model_family": "efficientnet", "fit_time": 53.576714139999694, "_wandb": {"runtime": 57}}