{"epoch": 2, "train_loss": 1.7472522258758545, "raw_loss": 1.7404334545135498, "wd_0": 0.01, "sqr_mom_0": 0.99, "lr_0": 2.603051508727922e-10, "mom_0": 0.9499957938549211, "eps_0": 1e-05, "wd_1": 0.01, "sqr_mom_1": 0.99, "lr_1": 2.6030515087177575e-08, "mom_1": 0.9499957938549211, "eps_1": 1e-05, "_timestamp": 1655500611, "_runtime": 72, "_step": 692, "valid_loss": 1.342789649963379, "error_rate": 0.476756751537323, "accuracy": 0.523243248462677, "GPU_mem": 7.423828125, "model_family": "regnetx", "fit_time": 63.482385483000144, "_wandb": {"runtime": 71}}