{"epoch": 2, "train_loss": 1.8883112668991089, "raw_loss": 1.7269829511642456, "wd_0": 0.01, "sqr_mom_0": 0.99, "lr_0": 2.603051508727922e-10, "mom_0": 0.9499957938549211, "eps_0": 1e-05, "wd_1": 0.01, "sqr_mom_1": 0.99, "lr_1": 2.6030515087177575e-08, "mom_1": 0.9499957938549211, "eps_1": 1e-05, "_timestamp": 1655499548, "_runtime": 53, "_step": 692, "valid_loss": 1.4900614023208618, "error_rate": 0.5340540409088135, "accuracy": 0.4659459590911865, "GPU_mem": 7.423828125, "model_family": "regnetx", "fit_time": 48.3396257659997, "_wandb": {"runtime": 52}}