{"epoch": 2, "train_loss": 1.8607040643692017, "raw_loss": 1.3313438892364502, "wd_0": 0.01, "sqr_mom_0": 0.99, "lr_0": 2.603051508727922e-10, "mom_0": 0.9499957938549211, "eps_0": 1e-05, "wd_1": 0.01, "sqr_mom_1": 0.99, "lr_1": 2.6030515087177575e-08, "mom_1": 0.9499957938549211, "eps_1": 1e-05, "_timestamp": 1655500254, "_runtime": 60, "_step": 692, "valid_loss": 1.4681349992752075, "error_rate": 0.5322522521018982, "accuracy": 0.4677477478981018, "GPU_mem": 7.423828125, "model_family": "regnetx", "fit_time": 55.52852825900027, "_wandb": {"runtime": 59}}