{"epoch": 2, "train_loss": 1.4867379665374756, "raw_loss": 1.5939456224441528, "wd_0": 0.01, "sqr_mom_0": 0.99, "lr_0": 5.206103017455844e-10, "mom_0": 0.9499957938549211, "eps_0": 1e-05, "wd_1": 0.01, "sqr_mom_1": 0.99, "lr_1": 5.206103017435515e-08, "mom_1": 0.9499957938549211, "eps_1": 1e-05, "_timestamp": 1655412447, "_runtime": 62, "_step": 692, "valid_loss": 1.2344375848770142, "error_rate": 0.4378378391265869, "accuracy": 0.5621621608734131, "GPU_mem": 7.2734375, "model_family": "efficientnet", "fit_time": 54.83779806099483, "_wandb": {"runtime": 61}}