{"epoch": 2, "train_loss": 1.5344007015228271, "raw_loss": 1.854175329208374, "wd_0": 0.01, "sqr_mom_0": 0.99, "lr_0": 2.603051508727922e-10, "mom_0": 0.9499957938549211, "eps_0": 1e-05, "wd_1": 0.01, "sqr_mom_1": 0.99, "lr_1": 2.6030515087177575e-08, "mom_1": 0.9499957938549211, "eps_1": 1e-05, "_timestamp": 1655495191, "_runtime": 107, "_step": 692, "valid_loss": 1.2093892097473145, "error_rate": 0.43135136365890503, "accuracy": 0.568648636341095, "GPU_mem": 5.87109375, "model_family": "convnext", "fit_time": 96.20577516200001, "_wandb": {"runtime": 105}}