{"epoch": 2, "train_loss": 1.9188151359558105, "raw_loss": 1.6303361654281616, "wd_0": 0.01, "sqr_mom_0": 0.99, "lr_0": 5.206103017455844e-10, "mom_0": 0.9499957938549211, "eps_0": 1e-05, "wd_1": 0.01, "sqr_mom_1": 0.99, "lr_1": 5.206103017435515e-08, "mom_1": 0.9499957938549211, "eps_1": 1e-05, "_timestamp": 1655413668, "_runtime": 62, "_step": 692, "valid_loss": NaN, "error_rate": 0.5798197984695435, "accuracy": 0.42018017172813416, "GPU_mem": 7.373046875, "model_family": "levit", "fit_time": 57.1396119609999, "_wandb": {"runtime": 61}}