{"epoch": 0.997109826589602, "train_loss": 2.401343584060669, "raw_loss": 2.130747079849243, "wd_0": 0.01, "sqr_mom_0": 0.99, "lr_0": 0.0001242711829200316, "mom_0": 0.887864787187856, "eps_0": 1e-05, "wd_1": 0.01, "sqr_mom_1": 0.99, "lr_1": 0.0012427118292003157, "mom_1": 0.887864787187856, "eps_1": 1e-05, "_timestamp": 1655413634, "_runtime": 28, "_step": 344}