{"epoch": 2, "train_loss": 1.8704849481582642, "raw_loss": 1.361195683479309, "wd_0": 0.01, "sqr_mom_0": 0.99, "lr_0": 2.603051508727922e-10, "mom_0": 0.9499957938549211, "eps_0": 1e-05, "wd_1": 0.01, "sqr_mom_1": 0.99, "lr_1": 2.6030515087177575e-08, "mom_1": 0.9499957938549211, "eps_1": 1e-05, "_timestamp": 1655500467, "_runtime": 64, "_step": 692, "valid_loss": 1.4620060920715332, "error_rate": 0.5106306076049805, "accuracy": 0.48936936259269714, "GPU_mem": 7.423828125, "model_family": "regnetx", "fit_time": 58.32747175700024, "_wandb": {"runtime": 62}}