{"epoch": 2, "train_loss": 1.8406881093978882, "raw_loss": 1.458107352256775, "wd_0": 0.01, "sqr_mom_0": 0.99, "lr_0": 2.603051508727922e-10, "mom_0": 0.9499957938549211, "eps_0": 1e-05, "wd_1": 0.01, "sqr_mom_1": 0.99, "lr_1": 2.6030515087177575e-08, "mom_1": 0.9499957938549211, "eps_1": 1e-05, "_timestamp": 1655499187, "_runtime": 74, "_step": 692, "valid_loss": NaN, "error_rate": 0.49837836623191833, "accuracy": 0.5016216039657593, "GPU_mem": 7.423828125, "model_family": "levit", "fit_time": 68.22284129399941, "_wandb": {"runtime": 73}}