{"epoch": 2, "train_loss": 1.3219501972198486, "raw_loss": 1.1877720355987549, "wd_0": 0.01, "sqr_mom_0": 0.99, "lr_0": 5.206103017455844e-10, "mom_0": 0.9499957938549211, "eps_0": 1e-05, "wd_1": 0.01, "sqr_mom_1": 0.99, "lr_1": 5.206103017435515e-08, "mom_1": 0.9499957938549211, "eps_1": 1e-05, "_timestamp": 1655411638, "_runtime": 59, "_step": 692, "valid_loss": 1.0914149284362793, "error_rate": 0.3985585570335388, "accuracy": 0.6014414429664612, "GPU_mem": 7.2734375, "model_family": "convnext", "fit_time": 53.48375214100088, "_wandb": {"runtime": 57}}