{"epoch": 2, "train_loss": 1.5250475406646729, "raw_loss": 1.2717043161392212, "wd_0": 0.01, "sqr_mom_0": 0.99, "lr_0": 5.206103017455844e-10, "mom_0": 0.9499957938549211, "eps_0": 1e-05, "wd_1": 0.01, "sqr_mom_1": 0.99, "lr_1": 5.206103017435515e-08, "mom_1": 0.9499957938549211, "eps_1": 1e-05, "_timestamp": 1655413193, "_runtime": 58, "_step": 692, "valid_loss": 1.328988790512085, "error_rate": 0.4796396493911743, "accuracy": 0.5203603506088257, "GPU_mem": 7.283203125, "model_family": "efficientnet", "fit_time": 52.75154473400471, "_wandb": {"runtime": 56}}