{"epoch": 2, "train_loss": 1.5292301177978516, "raw_loss": 1.550586223602295, "wd_0": 0.01, "sqr_mom_0": 0.99, "lr_0": 5.206103017455844e-10, "mom_0": 0.9499957938549211, "eps_0": 1e-05, "wd_1": 0.01, "sqr_mom_1": 0.99, "lr_1": 5.206103017435515e-08, "mom_1": 0.9499957938549211, "eps_1": 1e-05, "_timestamp": 1655412857, "_runtime": 58, "_step": 692, "valid_loss": 1.2227303981781006, "error_rate": 0.45225223898887634, "accuracy": 0.5477477312088013, "GPU_mem": 7.283203125, "model_family": "efficientnet", "fit_time": 52.945164359000046, "_wandb": {"runtime": 56}}