{"epoch": 2, "train_loss": 1.3334373235702515, "raw_loss": 1.0962036848068237, "wd_0": 0.01, "sqr_mom_0": 0.99, "lr_0": 5.206103017455844e-10, "mom_0": 0.9499957938549211, "eps_0": 1e-05, "wd_1": 0.01, "sqr_mom_1": 0.99, "lr_1": 5.206103017435515e-08, "mom_1": 0.9499957938549211, "eps_1": 1e-05, "_timestamp": 1655410888, "_runtime": 102, "_step": 692, "valid_loss": 1.0910773277282715, "error_rate": 0.4003603458404541, "accuracy": 0.5996396541595459, "GPU_mem": 7.2734375, "model_family": "convnext", "fit_time": 95.69270459099789, "_wandb": {"runtime": 100}}