{"epoch": 2, "train_loss": 2.1512982845306396, "raw_loss": 2.3284990787506104, "wd_0": 0.01, "sqr_mom_0": 0.99, "lr_0": 2.603051508727922e-10, "mom_0": 0.9499957938549211, "eps_0": 1e-05, "wd_1": 0.01, "sqr_mom_1": 0.99, "lr_1": 2.6030515087177575e-08, "mom_1": 0.9499957938549211, "eps_1": 1e-05, "_timestamp": 1655498083, "_runtime": 73, "_step": 692, "valid_loss": NaN, "error_rate": 0.6234233975410461, "accuracy": 0.37657657265663147, "GPU_mem": 7.373046875, "model_family": "levit", "fit_time": 67.65343921000022, "_wandb": {"runtime": 71}}