{"epoch": 2, "train_loss": 1.3468083143234253, "raw_loss": 1.185043454170227, "wd_0": 0.01, "sqr_mom_0": 0.99, "lr_0": 5.206103017455844e-10, "mom_0": 0.9499957938549211, "eps_0": 1e-05, "wd_1": 0.01, "sqr_mom_1": 0.99, "lr_1": 5.206103017435515e-08, "mom_1": 0.9499957938549211, "eps_1": 1e-05, "_timestamp": 1655411290, "_runtime": 83, "_step": 692, "valid_loss": 1.1119344234466553, "error_rate": 0.4165765643119812, "accuracy": 0.5834234356880188, "GPU_mem": 7.2734375, "model_family": "convnext", "fit_time": 78.19424123600038, "_wandb": {"runtime": 82}}