{"epoch": 2, "train_loss": 1.9204779863357544, "raw_loss": 1.6956613063812256, "wd_0": 0.01, "sqr_mom_0": 0.99, "lr_0": 2.603051508727922e-10, "mom_0": 0.9499957938549211, "eps_0": 1e-05, "wd_1": 0.01, "sqr_mom_1": 0.99, "lr_1": 2.6030515087177575e-08, "mom_1": 0.9499957938549211, "eps_1": 1e-05, "_timestamp": 1655500186, "_runtime": 60, "_step": 692, "valid_loss": 1.4984668493270874, "error_rate": 0.5419819951057434, "accuracy": 0.4580180048942566, "GPU_mem": 7.423828125, "model_family": "regnetx", "fit_time": 55.17970548500034, "_wandb": {"runtime": 59}}