{"epoch": 2, "train_loss": 1.314283013343811, "raw_loss": 1.094806432723999, "wd_0": 0.01, "sqr_mom_0": 0.99, "lr_0": 5.206103017455844e-10, "mom_0": 0.9499957938549211, "eps_0": 1e-05, "wd_1": 0.01, "sqr_mom_1": 0.99, "lr_1": 5.206103017435515e-08, "mom_1": 0.9499957938549211, "eps_1": 1e-05, "_timestamp": 1655410779, "_runtime": 132, "_step": 692, "valid_loss": 1.0935755968093872, "error_rate": 0.3960360288619995, "accuracy": 0.6039639711380005, "GPU_mem": 5.87109375, "model_family": "convnext", "fit_time": 96.2831950740001, "_wandb": {"runtime": 131}}