{"epoch": 2, "train_loss": 1.7558120489120483, "raw_loss": 2.074819326400757, "wd_0": 0.01, "sqr_mom_0": 0.99, "lr_0": 2.603051508727922e-10, "mom_0": 0.9499957938549211, "eps_0": 1e-05, "wd_1": 0.01, "sqr_mom_1": 0.99, "lr_1": 2.6030515087177575e-08, "mom_1": 0.9499957938549211, "eps_1": 1e-05, "_timestamp": 1655496810, "_runtime": 69, "_step": 692, "valid_loss": 1.3965188264846802, "error_rate": 0.49441441893577576, "accuracy": 0.5055856108665466, "GPU_mem": 7.2734375, "model_family": "efficientnet", "fit_time": 63.63460635199999, "_wandb": {"runtime": 67}}