{"epoch": 2, "train_loss": 1.7214462757110596, "raw_loss": 1.6260371208190918, "wd_0": 0.01, "sqr_mom_0": 0.99, "lr_0": 2.603051508727922e-10, "mom_0": 0.9499957938549211, "eps_0": 1e-05, "wd_1": 0.01, "sqr_mom_1": 0.99, "lr_1": 2.6030515087177575e-08, "mom_1": 0.9499957938549211, "eps_1": 1e-05, "_timestamp": 1655497512, "_runtime": 58, "_step": 692, "valid_loss": 1.3423305749893188, "error_rate": 0.4882882833480835, "accuracy": 0.5117117166519165, "GPU_mem": 7.283203125, "model_family": "efficientnet", "fit_time": 53.08546962499986, "_wandb": {"runtime": 57}}