{"epoch": 2, "train_loss": 1.5976773500442505, "raw_loss": 1.2529098987579346, "wd_0": 0.01, "sqr_mom_0": 0.99, "lr_0": 2.603051508727922e-10, "mom_0": 0.9499957938549211, "eps_0": 1e-05, "wd_1": 0.01, "sqr_mom_1": 0.99, "lr_1": 2.6030515087177575e-08, "mom_1": 0.9499957938549211, "eps_1": 1e-05, "_timestamp": 1655496237, "_runtime": 58, "_step": 692, "valid_loss": 1.1966031789779663, "error_rate": 0.4216216206550598, "accuracy": 0.5783783793449402, "GPU_mem": 7.2734375, "model_family": "convnext", "fit_time": 52.61702417200013, "_wandb": {"runtime": 57}}