{"epoch": 2, "train_loss": 1.6172040700912476, "raw_loss": 1.5262008905410767, "wd_0": 0.01, "sqr_mom_0": 0.99, "lr_0": 2.603051508727922e-10, "mom_0": 0.9499957938549211, "eps_0": 1e-05, "wd_1": 0.01, "sqr_mom_1": 0.99, "lr_1": 2.6030515087177575e-08, "mom_1": 0.9499957938549211, "eps_1": 1e-05, "_timestamp": 1655497300, "_runtime": 61, "_step": 692, "valid_loss": 1.2868467569351196, "error_rate": 0.45225223898887634, "accuracy": 0.5477477312088013, "GPU_mem": 7.283203125, "model_family": "efficientnet", "fit_time": 55.5544235440002, "_wandb": {"runtime": 59}}