{"epoch": 2, "train_loss": 1.8933534622192383, "raw_loss": 1.680779218673706, "wd_0": 0.01, "sqr_mom_0": 0.99, "lr_0": 5.206103017455844e-10, "mom_0": 0.9499957938549211, "eps_0": 1e-05, "wd_1": 0.01, "sqr_mom_1": 0.99, "lr_1": 5.206103017435515e-08, "mom_1": 0.9499957938549211, "eps_1": 1e-05, "_timestamp": 1655414050, "_runtime": 68, "_step": 692, "valid_loss": NaN, "error_rate": 0.5819819569587708, "accuracy": 0.41801801323890686, "GPU_mem": 7.423828125, "model_family": "levit", "fit_time": 63.82933205399604, "_wandb": {"runtime": 67}}