{"epoch": 2, "train_loss": 1.3596932888031006, "raw_loss": 1.1199246644973755, "wd_0": 0.01, "sqr_mom_0": 0.99, "lr_0": 5.206103017455844e-10, "mom_0": 0.9499957938549211, "eps_0": 1e-05, "wd_1": 0.01, "sqr_mom_1": 0.99, "lr_1": 5.206103017435515e-08, "mom_1": 0.9499957938549211, "eps_1": 1e-05, "_timestamp": 1655411500, "_runtime": 87, "_step": 692, "valid_loss": 1.1248971223831177, "error_rate": 0.4054054021835327, "accuracy": 0.5945945978164673, "GPU_mem": 7.2734375, "model_family": "convnext", "fit_time": 81.08852804400522, "_wandb": {"runtime": 85}}