{"epoch": 2, "train_loss": 2.0626168251037598, "raw_loss": 1.6702141761779785, "wd_0": 0.01, "sqr_mom_0": 0.99, "lr_0": 2.603051508727922e-10, "mom_0": 0.9499957938549211, "eps_0": 1e-05, "wd_1": 0.01, "sqr_mom_1": 0.99, "lr_1": 2.6030515087177575e-08, "mom_1": 0.9499957938549211, "eps_1": 1e-05, "_timestamp": 1655498774, "_runtime": 74, "_step": 692, "valid_loss": NaN, "error_rate": 0.6021621823310852, "accuracy": 0.3978378474712372, "GPU_mem": 7.423828125, "model_family": "levit", "fit_time": 69.30389184100022, "_wandb": {"runtime": 73}}