{"epoch": 2, "train_loss": 1.502252459526062, "raw_loss": 1.5711003541946411, "wd_0": 0.01, "sqr_mom_0": 0.99, "lr_0": 5.206103017455844e-10, "mom_0": 0.9499957938549211, "eps_0": 1e-05, "wd_1": 0.01, "sqr_mom_1": 0.99, "lr_1": 5.206103017435515e-08, "mom_1": 0.9499957938549211, "eps_1": 1e-05, "_timestamp": 1655412724, "_runtime": 61, "_step": 692, "valid_loss": 1.2467411756515503, "error_rate": 0.4609009027481079, "accuracy": 0.5390990972518921, "GPU_mem": 7.283203125, "model_family": "efficientnet", "fit_time": 53.824743416000274, "_wandb": {"runtime": 59}}