{"epoch": 2, "train_loss": 1.9051357507705688, "raw_loss": 1.896328330039978, "wd_0": 0.01, "sqr_mom_0": 0.99, "lr_0": 2.603051508727922e-10, "mom_0": 0.9499957938549211, "eps_0": 1e-05, "wd_1": 0.01, "sqr_mom_1": 0.99, "lr_1": 2.6030515087177575e-08, "mom_1": 0.9499957938549211, "eps_1": 1e-05, "_timestamp": 1655499828, "_runtime": 68, "_step": 692, "valid_loss": 1.5301895141601562, "error_rate": 0.5387387275695801, "accuracy": 0.4612612724304199, "GPU_mem": 7.423828125, "model_family": "regnetx", "fit_time": 62.78272172600009, "_wandb": {"runtime": 66}}