{"epoch": 2, "train_loss": 1.7246383428573608, "raw_loss": 1.834532380104065, "wd_0": 0.01, "sqr_mom_0": 0.99, "lr_0": 2.603051508727922e-10, "mom_0": 0.9499957938549211, "eps_0": 1e-05, "wd_1": 0.01, "sqr_mom_1": 0.99, "lr_1": 2.6030515087177575e-08, "mom_1": 0.9499957938549211, "eps_1": 1e-05, "_timestamp": 1655497585, "_runtime": 58, "_step": 692, "valid_loss": 1.3527953624725342, "error_rate": 0.477477490901947, "accuracy": 0.522522509098053, "GPU_mem": 7.283203125, "model_family": "efficientnet", "fit_time": 53.02896974399982, "_wandb": {"runtime": 57}}