{"epoch": 2, "train_loss": 1.9716800451278687, "raw_loss": 1.7678015232086182, "wd_0": 0.01, "sqr_mom_0": 0.99, "lr_0": 2.603051508727922e-10, "mom_0": 0.9499957938549211, "eps_0": 1e-05, "wd_1": 0.01, "sqr_mom_1": 0.99, "lr_1": 2.6030515087177575e-08, "mom_1": 0.9499957938549211, "eps_1": 1e-05, "_timestamp": 1655499898, "_runtime": 65, "_step": 692, "valid_loss": 1.5513566732406616, "error_rate": 0.5578378438949585, "accuracy": 0.4421621561050415, "GPU_mem": 7.423828125, "model_family": "regnetx", "fit_time": 60.068783804000304, "_wandb": {"runtime": 64}}