{"epoch": 2, "train_loss": 1.9231798648834229, "raw_loss": 1.9707590341567993, "wd_0": 0.01, "sqr_mom_0": 0.99, "lr_0": 5.206103017455844e-10, "mom_0": 0.9499957938549211, "eps_0": 1e-05, "wd_1": 0.01, "sqr_mom_1": 0.99, "lr_1": 5.206103017435515e-08, "mom_1": 0.9499957938549211, "eps_1": 1e-05, "_timestamp": 1655413804, "_runtime": 62, "_step": 692, "valid_loss": NaN, "error_rate": 0.5661261081695557, "accuracy": 0.43387386202812195, "GPU_mem": 7.373046875, "model_family": "levit", "fit_time": 56.9651925299986, "_wandb": {"runtime": 61}}