{"epoch": 2, "train_loss": 1.6990578174591064, "raw_loss": 1.5601249933242798, "wd_0": 0.01, "sqr_mom_0": 0.99, "lr_0": 2.603051508727922e-10, "mom_0": 0.9499957938549211, "eps_0": 1e-05, "wd_1": 0.01, "sqr_mom_1": 0.99, "lr_1": 2.6030515087177575e-08, "mom_1": 0.9499957938549211, "eps_1": 1e-05, "_timestamp": 1655496955, "_runtime": 66, "_step": 692, "valid_loss": 1.3806308507919312, "error_rate": 0.4890090227127075, "accuracy": 0.5109909772872925, "GPU_mem": 7.2734375, "model_family": "efficientnet", "fit_time": 61.156910381000216, "_wandb": {"runtime": 65}}