{"epoch": 2, "train_loss": 2.202622890472412, "raw_loss": 2.2411088943481445, "wd_0": 0.01, "sqr_mom_0": 0.99, "lr_0": 2.603051508727922e-10, "mom_0": 0.9499957938549211, "eps_0": 1e-05, "wd_1": 0.01, "sqr_mom_1": 0.99, "lr_1": 2.6030515087177575e-08, "mom_1": 0.9499957938549211, "eps_1": 1e-05, "_timestamp": 1655497919, "_runtime": 71, "_step": 692, "valid_loss": NaN, "error_rate": 0.6230630874633789, "accuracy": 0.3769369423389435, "GPU_mem": 7.310546875, "model_family": "levit", "fit_time": 65.86609161500019, "_wandb": {"runtime": 69}}