{"epoch": 2, "train_loss": 1.7329221963882446, "raw_loss": 1.6685394048690796, "wd_0": 0.01, "sqr_mom_0": 0.99, "lr_0": 5.206103017455844e-10, "mom_0": 0.9499957938549211, "eps_0": 1e-05, "wd_1": 0.01, "sqr_mom_1": 0.99, "lr_1": 5.206103017435515e-08, "mom_1": 0.9499957938549211, "eps_1": 1e-05, "_timestamp": 1655415111, "_runtime": 71, "_step": 692, "valid_loss": 1.434987187385559, "error_rate": 0.5210810899734497, "accuracy": 0.4789189100265503, "GPU_mem": 7.423828125, "model_family": "regnetx", "fit_time": 63.925738240999635, "_wandb": {"runtime": 70}}