{"epoch": 2, "train_loss": 1.5513224601745605, "raw_loss": 1.7728146314620972, "wd_0": 0.01, "sqr_mom_0": 0.99, "lr_0": 2.603051508727922e-10, "mom_0": 0.9499957938549211, "eps_0": 1e-05, "wd_1": 0.01, "sqr_mom_1": 0.99, "lr_1": 2.6030515087177575e-08, "mom_1": 0.9499957938549211, "eps_1": 1e-05, "_timestamp": 1655496439, "_runtime": 59, "_step": 692, "valid_loss": 1.2084481716156006, "error_rate": 0.42990991473197937, "accuracy": 0.570090115070343, "GPU_mem": 7.2734375, "model_family": "convnext", "fit_time": 53.34578079399989, "_wandb": {"runtime": 58}}