{"epoch": 2, "train_loss": 1.4215342998504639, "raw_loss": 1.1638374328613281, "wd_0": 0.01, "sqr_mom_0": 0.99, "lr_0": 5.206103017455844e-10, "mom_0": 0.9499957938549211, "eps_0": 1e-05, "wd_1": 0.01, "sqr_mom_1": 0.99, "lr_1": 5.206103017435515e-08, "mom_1": 0.9499957938549211, "eps_1": 1e-05, "_timestamp": 1655412657, "_runtime": 57, "_step": 692, "valid_loss": 1.2153346538543701, "error_rate": 0.4443243145942688, "accuracy": 0.5556756854057312, "GPU_mem": 7.283203125, "model_family": "efficientnet", "fit_time": 53.056861163000576, "_wandb": {"runtime": 56}}