{"epoch": 2, "train_loss": 1.3490811586380005, "raw_loss": 0.8533159494400024, "wd_0": 0.01, "sqr_mom_0": 0.99, "lr_0": 5.206103017455844e-10, "mom_0": 0.9499957938549211, "eps_0": 1e-05, "wd_1": 0.01, "sqr_mom_1": 0.99, "lr_1": 5.206103017435515e-08, "mom_1": 0.9499957938549211, "eps_1": 1e-05, "_timestamp": 1655410997, "_runtime": 101, "_step": 692, "valid_loss": 1.1110633611679077, "error_rate": 0.40756756067276, "accuracy": 0.59243243932724, "GPU_mem": 7.2734375, "model_family": "convnext", "fit_time": 95.13919476300362, "_wandb": {"runtime": 100}}